--
-- PostgreSQL database dump
--

-- Dumped from database version 14.15 (Homebrew)
-- Dumped by pg_dump version 14.15 (Homebrew)

SET statement_timeout = 0;
SET lock_timeout = 0;
SET idle_in_transaction_session_timeout = 0;
SET client_encoding = 'UTF8';
SET standard_conforming_strings = on;
SELECT pg_catalog.set_config('search_path', '', false);
SET check_function_bodies = false;
SET xmloption = content;
SET client_min_messages = warning;
SET row_security = off;

SET default_tablespace = '';

SET default_table_access_method = heap;

--
-- Name: auth_group; Type: TABLE; Schema: public; Owner: hollyjudge
--

CREATE TABLE public.auth_group (
    id integer NOT NULL,
    name character varying(150) NOT NULL
);


ALTER TABLE public.auth_group OWNER TO hollyjudge;

--
-- Name: auth_group_id_seq; Type: SEQUENCE; Schema: public; Owner: hollyjudge
--

ALTER TABLE public.auth_group ALTER COLUMN id ADD GENERATED BY DEFAULT AS IDENTITY (
    SEQUENCE NAME public.auth_group_id_seq
    START WITH 1
    INCREMENT BY 1
    NO MINVALUE
    NO MAXVALUE
    CACHE 1
);


--
-- Name: auth_group_permissions; Type: TABLE; Schema: public; Owner: hollyjudge
--

CREATE TABLE public.auth_group_permissions (
    id bigint NOT NULL,
    group_id integer NOT NULL,
    permission_id integer NOT NULL
);


ALTER TABLE public.auth_group_permissions OWNER TO hollyjudge;

--
-- Name: auth_group_permissions_id_seq; Type: SEQUENCE; Schema: public; Owner: hollyjudge
--

ALTER TABLE public.auth_group_permissions ALTER COLUMN id ADD GENERATED BY DEFAULT AS IDENTITY (
    SEQUENCE NAME public.auth_group_permissions_id_seq
    START WITH 1
    INCREMENT BY 1
    NO MINVALUE
    NO MAXVALUE
    CACHE 1
);


--
-- Name: auth_permission; Type: TABLE; Schema: public; Owner: hollyjudge
--

CREATE TABLE public.auth_permission (
    id integer NOT NULL,
    name character varying(255) NOT NULL,
    content_type_id integer NOT NULL,
    codename character varying(100) NOT NULL
);


ALTER TABLE public.auth_permission OWNER TO hollyjudge;

--
-- Name: auth_permission_id_seq; Type: SEQUENCE; Schema: public; Owner: hollyjudge
--

ALTER TABLE public.auth_permission ALTER COLUMN id ADD GENERATED BY DEFAULT AS IDENTITY (
    SEQUENCE NAME public.auth_permission_id_seq
    START WITH 1
    INCREMENT BY 1
    NO MINVALUE
    NO MAXVALUE
    CACHE 1
);


--
-- Name: auth_user; Type: TABLE; Schema: public; Owner: hollyjudge
--

CREATE TABLE public.auth_user (
    id integer NOT NULL,
    password character varying(128) NOT NULL,
    last_login timestamp with time zone,
    is_superuser boolean NOT NULL,
    username character varying(150) NOT NULL,
    first_name character varying(150) NOT NULL,
    last_name character varying(150) NOT NULL,
    email character varying(254) NOT NULL,
    is_staff boolean NOT NULL,
    is_active boolean NOT NULL,
    date_joined timestamp with time zone NOT NULL
);


ALTER TABLE public.auth_user OWNER TO hollyjudge;

--
-- Name: auth_user_groups; Type: TABLE; Schema: public; Owner: hollyjudge
--

CREATE TABLE public.auth_user_groups (
    id bigint NOT NULL,
    user_id integer NOT NULL,
    group_id integer NOT NULL
);


ALTER TABLE public.auth_user_groups OWNER TO hollyjudge;

--
-- Name: auth_user_groups_id_seq; Type: SEQUENCE; Schema: public; Owner: hollyjudge
--

ALTER TABLE public.auth_user_groups ALTER COLUMN id ADD GENERATED BY DEFAULT AS IDENTITY (
    SEQUENCE NAME public.auth_user_groups_id_seq
    START WITH 1
    INCREMENT BY 1
    NO MINVALUE
    NO MAXVALUE
    CACHE 1
);


--
-- Name: auth_user_id_seq; Type: SEQUENCE; Schema: public; Owner: hollyjudge
--

ALTER TABLE public.auth_user ALTER COLUMN id ADD GENERATED BY DEFAULT AS IDENTITY (
    SEQUENCE NAME public.auth_user_id_seq
    START WITH 1
    INCREMENT BY 1
    NO MINVALUE
    NO MAXVALUE
    CACHE 1
);


--
-- Name: auth_user_user_permissions; Type: TABLE; Schema: public; Owner: hollyjudge
--

CREATE TABLE public.auth_user_user_permissions (
    id bigint NOT NULL,
    user_id integer NOT NULL,
    permission_id integer NOT NULL
);


ALTER TABLE public.auth_user_user_permissions OWNER TO hollyjudge;

--
-- Name: auth_user_user_permissions_id_seq; Type: SEQUENCE; Schema: public; Owner: hollyjudge
--

ALTER TABLE public.auth_user_user_permissions ALTER COLUMN id ADD GENERATED BY DEFAULT AS IDENTITY (
    SEQUENCE NAME public.auth_user_user_permissions_id_seq
    START WITH 1
    INCREMENT BY 1
    NO MINVALUE
    NO MAXVALUE
    CACHE 1
);


--
-- Name: dailyworkhours; Type: TABLE; Schema: public; Owner: hollyjudge
--

CREATE TABLE public.dailyworkhours (
    id integer NOT NULL,
    user_id integer,
    project_id integer,
    work_date date NOT NULL,
    hours_worked numeric(5,2) NOT NULL,
    task_number integer,
    notes text,
    created_at timestamp without time zone DEFAULT CURRENT_TIMESTAMP
);


ALTER TABLE public.dailyworkhours OWNER TO hollyjudge;

--
-- Name: dailyworkhours_id_seq; Type: SEQUENCE; Schema: public; Owner: hollyjudge
--

CREATE SEQUENCE public.dailyworkhours_id_seq
    AS integer
    START WITH 1
    INCREMENT BY 1
    NO MINVALUE
    NO MAXVALUE
    CACHE 1;


ALTER TABLE public.dailyworkhours_id_seq OWNER TO hollyjudge;

--
-- Name: dailyworkhours_id_seq; Type: SEQUENCE OWNED BY; Schema: public; Owner: hollyjudge
--

ALTER SEQUENCE public.dailyworkhours_id_seq OWNED BY public.dailyworkhours.id;


--
-- Name: django_admin_log; Type: TABLE; Schema: public; Owner: hollyjudge
--

CREATE TABLE public.django_admin_log (
    id integer NOT NULL,
    action_time timestamp with time zone NOT NULL,
    object_id text,
    object_repr character varying(200) NOT NULL,
    action_flag smallint NOT NULL,
    change_message text NOT NULL,
    content_type_id integer,
    user_id integer NOT NULL,
    CONSTRAINT django_admin_log_action_flag_check CHECK ((action_flag >= 0))
);


ALTER TABLE public.django_admin_log OWNER TO hollyjudge;

--
-- Name: django_admin_log_id_seq; Type: SEQUENCE; Schema: public; Owner: hollyjudge
--

ALTER TABLE public.django_admin_log ALTER COLUMN id ADD GENERATED BY DEFAULT AS IDENTITY (
    SEQUENCE NAME public.django_admin_log_id_seq
    START WITH 1
    INCREMENT BY 1
    NO MINVALUE
    NO MAXVALUE
    CACHE 1
);


--
-- Name: django_content_type; Type: TABLE; Schema: public; Owner: hollyjudge
--

CREATE TABLE public.django_content_type (
    id integer NOT NULL,
    app_label character varying(100) NOT NULL,
    model character varying(100) NOT NULL
);


ALTER TABLE public.django_content_type OWNER TO hollyjudge;

--
-- Name: django_content_type_id_seq; Type: SEQUENCE; Schema: public; Owner: hollyjudge
--

ALTER TABLE public.django_content_type ALTER COLUMN id ADD GENERATED BY DEFAULT AS IDENTITY (
    SEQUENCE NAME public.django_content_type_id_seq
    START WITH 1
    INCREMENT BY 1
    NO MINVALUE
    NO MAXVALUE
    CACHE 1
);


--
-- Name: django_migrations; Type: TABLE; Schema: public; Owner: hollyjudge
--

CREATE TABLE public.django_migrations (
    id bigint NOT NULL,
    app character varying(255) NOT NULL,
    name character varying(255) NOT NULL,
    applied timestamp with time zone NOT NULL
);


ALTER TABLE public.django_migrations OWNER TO hollyjudge;

--
-- Name: django_migrations_id_seq; Type: SEQUENCE; Schema: public; Owner: hollyjudge
--

ALTER TABLE public.django_migrations ALTER COLUMN id ADD GENERATED BY DEFAULT AS IDENTITY (
    SEQUENCE NAME public.django_migrations_id_seq
    START WITH 1
    INCREMENT BY 1
    NO MINVALUE
    NO MAXVALUE
    CACHE 1
);


--
-- Name: django_session; Type: TABLE; Schema: public; Owner: hollyjudge
--

CREATE TABLE public.django_session (
    session_key character varying(40) NOT NULL,
    session_data text NOT NULL,
    expire_date timestamp with time zone NOT NULL
);


ALTER TABLE public.django_session OWNER TO hollyjudge;

--
-- Name: projectcategories; Type: TABLE; Schema: public; Owner: hollyjudge
--

CREATE TABLE public.projectcategories (
    id integer NOT NULL,
    name character varying(100) NOT NULL,
    description text
);


ALTER TABLE public.projectcategories OWNER TO hollyjudge;

--
-- Name: projectcategories_id_seq; Type: SEQUENCE; Schema: public; Owner: hollyjudge
--

CREATE SEQUENCE public.projectcategories_id_seq
    AS integer
    START WITH 1
    INCREMENT BY 1
    NO MINVALUE
    NO MAXVALUE
    CACHE 1;


ALTER TABLE public.projectcategories_id_seq OWNER TO hollyjudge;

--
-- Name: projectcategories_id_seq; Type: SEQUENCE OWNED BY; Schema: public; Owner: hollyjudge
--

ALTER SEQUENCE public.projectcategories_id_seq OWNED BY public.projectcategories.id;


--
-- Name: projects; Type: TABLE; Schema: public; Owner: hollyjudge
--

CREATE TABLE public.projects (
    id integer NOT NULL,
    name character varying(100) NOT NULL,
    description text,
    owner_id integer,
    created_at timestamp without time zone DEFAULT CURRENT_TIMESTAMP,
    category_id integer
);


ALTER TABLE public.projects OWNER TO hollyjudge;

--
-- Name: projects_id_seq; Type: SEQUENCE; Schema: public; Owner: hollyjudge
--

CREATE SEQUENCE public.projects_id_seq
    AS integer
    START WITH 1
    INCREMENT BY 1
    NO MINVALUE
    NO MAXVALUE
    CACHE 1;


ALTER TABLE public.projects_id_seq OWNER TO hollyjudge;

--
-- Name: projects_id_seq; Type: SEQUENCE OWNED BY; Schema: public; Owner: hollyjudge
--

ALTER SEQUENCE public.projects_id_seq OWNED BY public.projects.id;


--
-- Name: time_management_timesheetentry; Type: TABLE; Schema: public; Owner: hollyjudge
--

CREATE TABLE public.time_management_timesheetentry (
    id bigint NOT NULL,
    work_date date NOT NULL,
    hours_worked numeric(5,2) NOT NULL,
    task_number integer NOT NULL,
    notes text,
    created_at timestamp with time zone NOT NULL,
    user_id integer NOT NULL,
    project_id bigint NOT NULL
);


ALTER TABLE public.time_management_timesheetentry OWNER TO hollyjudge;

--
-- Name: time_management_dailyworkhour_id_seq; Type: SEQUENCE; Schema: public; Owner: hollyjudge
--

ALTER TABLE public.time_management_timesheetentry ALTER COLUMN id ADD GENERATED BY DEFAULT AS IDENTITY (
    SEQUENCE NAME public.time_management_dailyworkhour_id_seq
    START WITH 1
    INCREMENT BY 1
    NO MINVALUE
    NO MAXVALUE
    CACHE 1
);


--
-- Name: time_management_project; Type: TABLE; Schema: public; Owner: hollyjudge
--

CREATE TABLE public.time_management_project (
    id bigint NOT NULL,
    name character varying(100) NOT NULL,
    description text NOT NULL,
    created_at timestamp with time zone NOT NULL,
    owner_id integer NOT NULL,
    category_id bigint,
    color character varying(7)
);


ALTER TABLE public.time_management_project OWNER TO hollyjudge;

--
-- Name: time_management_project_id_seq; Type: SEQUENCE; Schema: public; Owner: hollyjudge
--

ALTER TABLE public.time_management_project ALTER COLUMN id ADD GENERATED BY DEFAULT AS IDENTITY (
    SEQUENCE NAME public.time_management_project_id_seq
    START WITH 1
    INCREMENT BY 1
    NO MINVALUE
    NO MAXVALUE
    CACHE 1
);


--
-- Name: time_management_projectcategory; Type: TABLE; Schema: public; Owner: hollyjudge
--

CREATE TABLE public.time_management_projectcategory (
    id bigint NOT NULL,
    name character varying(100) NOT NULL,
    description text
);


ALTER TABLE public.time_management_projectcategory OWNER TO hollyjudge;

--
-- Name: time_management_projectcategory_id_seq; Type: SEQUENCE; Schema: public; Owner: hollyjudge
--

ALTER TABLE public.time_management_projectcategory ALTER COLUMN id ADD GENERATED BY DEFAULT AS IDENTITY (
    SEQUENCE NAME public.time_management_projectcategory_id_seq
    START WITH 1
    INCREMENT BY 1
    NO MINVALUE
    NO MAXVALUE
    CACHE 1
);


--
-- Name: users; Type: TABLE; Schema: public; Owner: hollyjudge
--

CREATE TABLE public.users (
    id integer NOT NULL,
    username character varying(50) NOT NULL,
    email character varying(100) NOT NULL,
    password character varying(255) NOT NULL,
    created_at timestamp without time zone DEFAULT CURRENT_TIMESTAMP
);


ALTER TABLE public.users OWNER TO hollyjudge;

--
-- Name: users_id_seq; Type: SEQUENCE; Schema: public; Owner: hollyjudge
--

CREATE SEQUENCE public.users_id_seq
    AS integer
    START WITH 1
    INCREMENT BY 1
    NO MINVALUE
    NO MAXVALUE
    CACHE 1;


ALTER TABLE public.users_id_seq OWNER TO hollyjudge;

--
-- Name: users_id_seq; Type: SEQUENCE OWNED BY; Schema: public; Owner: hollyjudge
--

ALTER SEQUENCE public.users_id_seq OWNED BY public.users.id;


--
-- Name: workhours; Type: TABLE; Schema: public; Owner: hollyjudge
--

CREATE TABLE public.workhours (
    id integer NOT NULL,
    user_id integer,
    project_id integer,
    week_start date NOT NULL,
    hours_worked numeric(5,2) NOT NULL
);


ALTER TABLE public.workhours OWNER TO hollyjudge;

--
-- Name: workhours_id_seq; Type: SEQUENCE; Schema: public; Owner: hollyjudge
--

CREATE SEQUENCE public.workhours_id_seq
    AS integer
    START WITH 1
    INCREMENT BY 1
    NO MINVALUE
    NO MAXVALUE
    CACHE 1;


ALTER TABLE public.workhours_id_seq OWNER TO hollyjudge;

--
-- Name: workhours_id_seq; Type: SEQUENCE OWNED BY; Schema: public; Owner: hollyjudge
--

ALTER SEQUENCE public.workhours_id_seq OWNED BY public.workhours.id;


--
-- Name: dailyworkhours id; Type: DEFAULT; Schema: public; Owner: hollyjudge
--

ALTER TABLE ONLY public.dailyworkhours ALTER COLUMN id SET DEFAULT nextval('public.dailyworkhours_id_seq'::regclass);


--
-- Name: projectcategories id; Type: DEFAULT; Schema: public; Owner: hollyjudge
--

ALTER TABLE ONLY public.projectcategories ALTER COLUMN id SET DEFAULT nextval('public.projectcategories_id_seq'::regclass);


--
-- Name: projects id; Type: DEFAULT; Schema: public; Owner: hollyjudge
--

ALTER TABLE ONLY public.projects ALTER COLUMN id SET DEFAULT nextval('public.projects_id_seq'::regclass);


--
-- Name: users id; Type: DEFAULT; Schema: public; Owner: hollyjudge
--

ALTER TABLE ONLY public.users ALTER COLUMN id SET DEFAULT nextval('public.users_id_seq'::regclass);


--
-- Name: workhours id; Type: DEFAULT; Schema: public; Owner: hollyjudge
--

ALTER TABLE ONLY public.workhours ALTER COLUMN id SET DEFAULT nextval('public.workhours_id_seq'::regclass);


--
-- Data for Name: auth_group; Type: TABLE DATA; Schema: public; Owner: hollyjudge
--

COPY public.auth_group (id, name) FROM stdin;
\.


--
-- Data for Name: auth_group_permissions; Type: TABLE DATA; Schema: public; Owner: hollyjudge
--

COPY public.auth_group_permissions (id, group_id, permission_id) FROM stdin;
\.


--
-- Data for Name: auth_permission; Type: TABLE DATA; Schema: public; Owner: hollyjudge
--

COPY public.auth_permission (id, name, content_type_id, codename) FROM stdin;
1	Can add log entry	1	add_logentry
2	Can change log entry	1	change_logentry
3	Can delete log entry	1	delete_logentry
4	Can view log entry	1	view_logentry
5	Can add permission	2	add_permission
6	Can change permission	2	change_permission
7	Can delete permission	2	delete_permission
8	Can view permission	2	view_permission
9	Can add group	3	add_group
10	Can change group	3	change_group
11	Can delete group	3	delete_group
12	Can view group	3	view_group
13	Can add user	4	add_user
14	Can change user	4	change_user
15	Can delete user	4	delete_user
16	Can view user	4	view_user
17	Can add content type	5	add_contenttype
18	Can change content type	5	change_contenttype
19	Can delete content type	5	delete_contenttype
20	Can view content type	5	view_contenttype
21	Can add session	6	add_session
22	Can change session	6	change_session
23	Can delete session	6	delete_session
24	Can view session	6	view_session
25	Can add project category	7	add_projectcategory
26	Can change project category	7	change_projectcategory
27	Can delete project category	7	delete_projectcategory
28	Can view project category	7	view_projectcategory
29	Can add project	8	add_project
30	Can change project	8	change_project
31	Can delete project	8	delete_project
32	Can view project	8	view_project
33	Can add daily work hour	9	add_dailyworkhour
34	Can change daily work hour	9	change_dailyworkhour
35	Can delete daily work hour	9	delete_dailyworkhour
36	Can view daily work hour	9	view_dailyworkhour
37	Can add timesheet entry	9	add_timesheetentry
38	Can change timesheet entry	9	change_timesheetentry
39	Can delete timesheet entry	9	delete_timesheetentry
40	Can view timesheet entry	9	view_timesheetentry
\.


--
-- Data for Name: auth_user; Type: TABLE DATA; Schema: public; Owner: hollyjudge
--

COPY public.auth_user (id, password, last_login, is_superuser, username, first_name, last_name, email, is_staff, is_active, date_joined) FROM stdin;
1	pbkdf2_sha256$870000$dCRDd4BWfVBDTaahVHjSmn$gREsgOFg39OWXi2J+s+pm1ikaNaW5UHFcVupAH+1G5M=	\N	f	testuser			testuser@example.com	f	t	2025-01-06 18:54:59.033456+02
2	pbkdf2_sha256$870000$3fzgCdCgDDc3ZURJcUFeTj$hI+kbImZBpLzYEnU3LrMwVwvjKCShn5iSA8H55QrYcw=	2025-01-06 19:53:37.755302+02	t	hollyjudge			hollyalicejudge@gmail.com	t	t	2025-01-06 19:53:22.095145+02
\.


--
-- Data for Name: auth_user_groups; Type: TABLE DATA; Schema: public; Owner: hollyjudge
--

COPY public.auth_user_groups (id, user_id, group_id) FROM stdin;
\.


--
-- Data for Name: auth_user_user_permissions; Type: TABLE DATA; Schema: public; Owner: hollyjudge
--

COPY public.auth_user_user_permissions (id, user_id, permission_id) FROM stdin;
\.


--
-- Data for Name: dailyworkhours; Type: TABLE DATA; Schema: public; Owner: hollyjudge
--

COPY public.dailyworkhours (id, user_id, project_id, work_date, hours_worked, task_number, notes, created_at) FROM stdin;
\.


--
-- Data for Name: django_admin_log; Type: TABLE DATA; Schema: public; Owner: hollyjudge
--

COPY public.django_admin_log (id, action_time, object_id, object_repr, action_flag, change_message, content_type_id, user_id) FROM stdin;
1	2025-01-06 22:08:32.664709+02	1	WISPA	1	[{"added": {}}]	8	2
2	2025-01-07 12:29:29.441337+02	1	WISPA	2	[{"changed": {"fields": ["Color"]}}]	8	2
3	2025-01-07 15:01:53.609649+02	2	AARP	1	[{"added": {}}]	8	2
4	2025-01-07 15:02:08.350097+02	3	Retainer	1	[{"added": {}}]	7	2
5	2025-01-07 15:02:27.086007+02	4	General Overhead	1	[{"added": {}}]	7	2
6	2025-01-07 15:02:39.633147+02	5	Business Development	1	[{"added": {}}]	7	2
7	2025-01-07 15:02:51.755854+02	6	Deliverable Based	1	[{"added": {}}]	7	2
8	2025-01-07 15:03:13.925936+02	2	AARP	2	[{"changed": {"fields": ["Category"]}}]	8	2
9	2025-01-07 15:03:28.677425+02	1	WISPA	2	[{"changed": {"fields": ["Category"]}}]	8	2
10	2025-01-07 15:04:15.087172+02	3	ABC Campaign	1	[{"added": {}}]	8	2
11	2025-01-07 15:04:31.614327+02	2	Category 2	3		7	2
12	2025-01-07 15:04:35.717497+02	1	Category 1	3		7	2
\.


--
-- Data for Name: django_content_type; Type: TABLE DATA; Schema: public; Owner: hollyjudge
--

COPY public.django_content_type (id, app_label, model) FROM stdin;
1	admin	logentry
2	auth	permission
3	auth	group
4	auth	user
5	contenttypes	contenttype
6	sessions	session
7	time_management	projectcategory
8	time_management	project
9	time_management	timesheetentry
\.


--
-- Data for Name: django_migrations; Type: TABLE DATA; Schema: public; Owner: hollyjudge
--

COPY public.django_migrations (id, app, name, applied) FROM stdin;
1	contenttypes	0001_initial	2024-12-30 13:01:49.95884+02
2	auth	0001_initial	2024-12-30 13:01:49.996646+02
3	admin	0001_initial	2024-12-30 13:01:50.006995+02
4	admin	0002_logentry_remove_auto_add	2024-12-30 13:01:50.010226+02
5	admin	0003_logentry_add_action_flag_choices	2024-12-30 13:01:50.013834+02
6	contenttypes	0002_remove_content_type_name	2024-12-30 13:01:50.022324+02
7	auth	0002_alter_permission_name_max_length	2024-12-30 13:01:50.025734+02
8	auth	0003_alter_user_email_max_length	2024-12-30 13:01:50.028744+02
9	auth	0004_alter_user_username_opts	2024-12-30 13:01:50.03207+02
10	auth	0005_alter_user_last_login_null	2024-12-30 13:01:50.03518+02
11	auth	0006_require_contenttypes_0002	2024-12-30 13:01:50.035653+02
12	auth	0007_alter_validators_add_error_messages	2024-12-30 13:01:50.038046+02
13	auth	0008_alter_user_username_max_length	2024-12-30 13:01:50.044025+02
14	auth	0009_alter_user_last_name_max_length	2024-12-30 13:01:50.047843+02
15	auth	0010_alter_group_name_max_length	2024-12-30 13:01:50.052765+02
16	auth	0011_update_proxy_permissions	2024-12-30 13:01:50.055149+02
17	auth	0012_alter_user_first_name_max_length	2024-12-30 13:01:50.057738+02
18	sessions	0001_initial	2024-12-30 13:01:50.061294+02
19	time_management	0001_initial	2024-12-30 13:01:50.077732+02
20	time_management	0002_rename_dailyworkhour_timesheetentry	2025-01-06 18:51:06.066297+02
21	time_management	0003_project_color	2025-01-07 12:26:32.142393+02
\.


--
-- Data for Name: django_session; Type: TABLE DATA; Schema: public; Owner: hollyjudge
--

COPY public.django_session (session_key, session_data, expire_date) FROM stdin;
0wrflv75r5i2li2z9osr0kz3b3ccq7sl	.eJxVjMsOwiAUBf-FtSFAebp0328gcLlI1UBS2pXx36VJF7o9M3PexId9K37vuPolkSsR5PK7xQBPrAdIj1DvjUKr27pEeij0pJ3OLeHrdrp_ByX0MmqcrLPCJcyciTxZcKDixLQMKkhlbdTSgDCgGUuD6iQ5ZC2MQTEErsjnC8-6Nx8:1tUrIH:VIg5HK1KIDdip5yjnl0OFzc_bWkUeQfQSuxPdUMzlH0	2025-01-20 19:53:37.759992+02
\.


--
-- Data for Name: projectcategories; Type: TABLE DATA; Schema: public; Owner: hollyjudge
--

COPY public.projectcategories (id, name, description) FROM stdin;
\.


--
-- Data for Name: projects; Type: TABLE DATA; Schema: public; Owner: hollyjudge
--

COPY public.projects (id, name, description, owner_id, created_at, category_id) FROM stdin;
\.


--
-- Data for Name: time_management_project; Type: TABLE DATA; Schema: public; Owner: hollyjudge
--

COPY public.time_management_project (id, name, description, created_at, owner_id, category_id, color) FROM stdin;
2	AARP	N/A	2025-01-07 15:01:53.600909+02	2	3	#49cc90
1	WISPA	External project	2025-01-06 22:08:32.653562+02	2	6	#6c63ff
3	ABC Campaign	N/A	2025-01-07 15:04:15.082288+02	2	3	#ff6f61
\.


--
-- Data for Name: time_management_projectcategory; Type: TABLE DATA; Schema: public; Owner: hollyjudge
--

COPY public.time_management_projectcategory (id, name, description) FROM stdin;
3	Retainer	N/A
4	General Overhead	N/A
5	Business Development	N/A
6	Deliverable Based	N/A
\.


--
-- Data for Name: time_management_timesheetentry; Type: TABLE DATA; Schema: public; Owner: hollyjudge
--

COPY public.time_management_timesheetentry (id, work_date, hours_worked, task_number, notes, created_at, user_id, project_id) FROM stdin;
\.


--
-- Data for Name: users; Type: TABLE DATA; Schema: public; Owner: hollyjudge
--

COPY public.users (id, username, email, password, created_at) FROM stdin;
\.


--
-- Data for Name: workhours; Type: TABLE DATA; Schema: public; Owner: hollyjudge
--

COPY public.workhours (id, user_id, project_id, week_start, hours_worked) FROM stdin;
\.


--
-- Name: auth_group_id_seq; Type: SEQUENCE SET; Schema: public; Owner: hollyjudge
--

SELECT pg_catalog.setval('public.auth_group_id_seq', 1, false);


--
-- Name: auth_group_permissions_id_seq; Type: SEQUENCE SET; Schema: public; Owner: hollyjudge
--

SELECT pg_catalog.setval('public.auth_group_permissions_id_seq', 1, false);


--
-- Name: auth_permission_id_seq; Type: SEQUENCE SET; Schema: public; Owner: hollyjudge
--

SELECT pg_catalog.setval('public.auth_permission_id_seq', 40, true);


--
-- Name: auth_user_groups_id_seq; Type: SEQUENCE SET; Schema: public; Owner: hollyjudge
--

SELECT pg_catalog.setval('public.auth_user_groups_id_seq', 1, false);


--
-- Name: auth_user_id_seq; Type: SEQUENCE SET; Schema: public; Owner: hollyjudge
--

SELECT pg_catalog.setval('public.auth_user_id_seq', 2, true);


--
-- Name: auth_user_user_permissions_id_seq; Type: SEQUENCE SET; Schema: public; Owner: hollyjudge
--

SELECT pg_catalog.setval('public.auth_user_user_permissions_id_seq', 1, false);


--
-- Name: dailyworkhours_id_seq; Type: SEQUENCE SET; Schema: public; Owner: hollyjudge
--

SELECT pg_catalog.setval('public.dailyworkhours_id_seq', 1, false);


--
-- Name: django_admin_log_id_seq; Type: SEQUENCE SET; Schema: public; Owner: hollyjudge
--

SELECT pg_catalog.setval('public.django_admin_log_id_seq', 12, true);


--
-- Name: django_content_type_id_seq; Type: SEQUENCE SET; Schema: public; Owner: hollyjudge
--

SELECT pg_catalog.setval('public.django_content_type_id_seq', 9, true);


--
-- Name: django_migrations_id_seq; Type: SEQUENCE SET; Schema: public; Owner: hollyjudge
--

SELECT pg_catalog.setval('public.django_migrations_id_seq', 21, true);


--
-- Name: projectcategories_id_seq; Type: SEQUENCE SET; Schema: public; Owner: hollyjudge
--

SELECT pg_catalog.setval('public.projectcategories_id_seq', 1, false);


--
-- Name: projects_id_seq; Type: SEQUENCE SET; Schema: public; Owner: hollyjudge
--

SELECT pg_catalog.setval('public.projects_id_seq', 1, false);


--
-- Name: time_management_dailyworkhour_id_seq; Type: SEQUENCE SET; Schema: public; Owner: hollyjudge
--

SELECT pg_catalog.setval('public.time_management_dailyworkhour_id_seq', 112, true);


--
-- Name: time_management_project_id_seq; Type: SEQUENCE SET; Schema: public; Owner: hollyjudge
--

SELECT pg_catalog.setval('public.time_management_project_id_seq', 3, true);


--
-- Name: time_management_projectcategory_id_seq; Type: SEQUENCE SET; Schema: public; Owner: hollyjudge
--

SELECT pg_catalog.setval('public.time_management_projectcategory_id_seq', 6, true);


--
-- Name: users_id_seq; Type: SEQUENCE SET; Schema: public; Owner: hollyjudge
--

SELECT pg_catalog.setval('public.users_id_seq', 1, false);


--
-- Name: workhours_id_seq; Type: SEQUENCE SET; Schema: public; Owner: hollyjudge
--

SELECT pg_catalog.setval('public.workhours_id_seq', 1, false);


--
-- Name: auth_group auth_group_name_key; Type: CONSTRAINT; Schema: public; Owner: hollyjudge
--

ALTER TABLE ONLY public.auth_group
    ADD CONSTRAINT auth_group_name_key UNIQUE (name);


--
-- Name: auth_group_permissions auth_group_permissions_group_id_permission_id_0cd325b0_uniq; Type: CONSTRAINT; Schema: public; Owner: hollyjudge
--

ALTER TABLE ONLY public.auth_group_permissions
    ADD CONSTRAINT auth_group_permissions_group_id_permission_id_0cd325b0_uniq UNIQUE (group_id, permission_id);


--
-- Name: auth_group_permissions auth_group_permissions_pkey; Type: CONSTRAINT; Schema: public; Owner: hollyjudge
--

ALTER TABLE ONLY public.auth_group_permissions
    ADD CONSTRAINT auth_group_permissions_pkey PRIMARY KEY (id);


--
-- Name: auth_group auth_group_pkey; Type: CONSTRAINT; Schema: public; Owner: hollyjudge
--

ALTER TABLE ONLY public.auth_group
    ADD CONSTRAINT auth_group_pkey PRIMARY KEY (id);


--
-- Name: auth_permission auth_permission_content_type_id_codename_01ab375a_uniq; Type: CONSTRAINT; Schema: public; Owner: hollyjudge
--

ALTER TABLE ONLY public.auth_permission
    ADD CONSTRAINT auth_permission_content_type_id_codename_01ab375a_uniq UNIQUE (content_type_id, codename);


--
-- Name: auth_permission auth_permission_pkey; Type: CONSTRAINT; Schema: public; Owner: hollyjudge
--

ALTER TABLE ONLY public.auth_permission
    ADD CONSTRAINT auth_permission_pkey PRIMARY KEY (id);


--
-- Name: auth_user_groups auth_user_groups_pkey; Type: CONSTRAINT; Schema: public; Owner: hollyjudge
--

ALTER TABLE ONLY public.auth_user_groups
    ADD CONSTRAINT auth_user_groups_pkey PRIMARY KEY (id);


--
-- Name: auth_user_groups auth_user_groups_user_id_group_id_94350c0c_uniq; Type: CONSTRAINT; Schema: public; Owner: hollyjudge
--

ALTER TABLE ONLY public.auth_user_groups
    ADD CONSTRAINT auth_user_groups_user_id_group_id_94350c0c_uniq UNIQUE (user_id, group_id);


--
-- Name: auth_user auth_user_pkey; Type: CONSTRAINT; Schema: public; Owner: hollyjudge
--

ALTER TABLE ONLY public.auth_user
    ADD CONSTRAINT auth_user_pkey PRIMARY KEY (id);


--
-- Name: auth_user_user_permissions auth_user_user_permissions_pkey; Type: CONSTRAINT; Schema: public; Owner: hollyjudge
--

ALTER TABLE ONLY public.auth_user_user_permissions
    ADD CONSTRAINT auth_user_user_permissions_pkey PRIMARY KEY (id);


--
-- Name: auth_user_user_permissions auth_user_user_permissions_user_id_permission_id_14a6b632_uniq; Type: CONSTRAINT; Schema: public; Owner: hollyjudge
--

ALTER TABLE ONLY public.auth_user_user_permissions
    ADD CONSTRAINT auth_user_user_permissions_user_id_permission_id_14a6b632_uniq UNIQUE (user_id, permission_id);


--
-- Name: auth_user auth_user_username_key; Type: CONSTRAINT; Schema: public; Owner: hollyjudge
--

ALTER TABLE ONLY public.auth_user
    ADD CONSTRAINT auth_user_username_key UNIQUE (username);


--
-- Name: dailyworkhours dailyworkhours_pkey; Type: CONSTRAINT; Schema: public; Owner: hollyjudge
--

ALTER TABLE ONLY public.dailyworkhours
    ADD CONSTRAINT dailyworkhours_pkey PRIMARY KEY (id);


--
-- Name: django_admin_log django_admin_log_pkey; Type: CONSTRAINT; Schema: public; Owner: hollyjudge
--

ALTER TABLE ONLY public.django_admin_log
    ADD CONSTRAINT django_admin_log_pkey PRIMARY KEY (id);


--
-- Name: django_content_type django_content_type_app_label_model_76bd3d3b_uniq; Type: CONSTRAINT; Schema: public; Owner: hollyjudge
--

ALTER TABLE ONLY public.django_content_type
    ADD CONSTRAINT django_content_type_app_label_model_76bd3d3b_uniq UNIQUE (app_label, model);


--
-- Name: django_content_type django_content_type_pkey; Type: CONSTRAINT; Schema: public; Owner: hollyjudge
--

ALTER TABLE ONLY public.django_content_type
    ADD CONSTRAINT django_content_type_pkey PRIMARY KEY (id);


--
-- Name: django_migrations django_migrations_pkey; Type: CONSTRAINT; Schema: public; Owner: hollyjudge
--

ALTER TABLE ONLY public.django_migrations
    ADD CONSTRAINT django_migrations_pkey PRIMARY KEY (id);


--
-- Name: django_session django_session_pkey; Type: CONSTRAINT; Schema: public; Owner: hollyjudge
--

ALTER TABLE ONLY public.django_session
    ADD CONSTRAINT django_session_pkey PRIMARY KEY (session_key);


--
-- Name: projectcategories projectcategories_name_key; Type: CONSTRAINT; Schema: public; Owner: hollyjudge
--

ALTER TABLE ONLY public.projectcategories
    ADD CONSTRAINT projectcategories_name_key UNIQUE (name);


--
-- Name: projectcategories projectcategories_pkey; Type: CONSTRAINT; Schema: public; Owner: hollyjudge
--

ALTER TABLE ONLY public.projectcategories
    ADD CONSTRAINT projectcategories_pkey PRIMARY KEY (id);


--
-- Name: projects projects_pkey; Type: CONSTRAINT; Schema: public; Owner: hollyjudge
--

ALTER TABLE ONLY public.projects
    ADD CONSTRAINT projects_pkey PRIMARY KEY (id);


--
-- Name: time_management_timesheetentry time_management_dailyworkhour_pkey; Type: CONSTRAINT; Schema: public; Owner: hollyjudge
--

ALTER TABLE ONLY public.time_management_timesheetentry
    ADD CONSTRAINT time_management_dailyworkhour_pkey PRIMARY KEY (id);


--
-- Name: time_management_project time_management_project_pkey; Type: CONSTRAINT; Schema: public; Owner: hollyjudge
--

ALTER TABLE ONLY public.time_management_project
    ADD CONSTRAINT time_management_project_pkey PRIMARY KEY (id);


--
-- Name: time_management_projectcategory time_management_projectcategory_name_key; Type: CONSTRAINT; Schema: public; Owner: hollyjudge
--

ALTER TABLE ONLY public.time_management_projectcategory
    ADD CONSTRAINT time_management_projectcategory_name_key UNIQUE (name);


--
-- Name: time_management_projectcategory time_management_projectcategory_pkey; Type: CONSTRAINT; Schema: public; Owner: hollyjudge
--

ALTER TABLE ONLY public.time_management_projectcategory
    ADD CONSTRAINT time_management_projectcategory_pkey PRIMARY KEY (id);


--
-- Name: users users_email_key; Type: CONSTRAINT; Schema: public; Owner: hollyjudge
--

ALTER TABLE ONLY public.users
    ADD CONSTRAINT users_email_key UNIQUE (email);


--
-- Name: users users_pkey; Type: CONSTRAINT; Schema: public; Owner: hollyjudge
--

ALTER TABLE ONLY public.users
    ADD CONSTRAINT users_pkey PRIMARY KEY (id);


--
-- Name: users users_username_key; Type: CONSTRAINT; Schema: public; Owner: hollyjudge
--

ALTER TABLE ONLY public.users
    ADD CONSTRAINT users_username_key UNIQUE (username);


--
-- Name: workhours workhours_pkey; Type: CONSTRAINT; Schema: public; Owner: hollyjudge
--

ALTER TABLE ONLY public.workhours
    ADD CONSTRAINT workhours_pkey PRIMARY KEY (id);


--
-- Name: auth_group_name_a6ea08ec_like; Type: INDEX; Schema: public; Owner: hollyjudge
--

CREATE INDEX auth_group_name_a6ea08ec_like ON public.auth_group USING btree (name varchar_pattern_ops);


--
-- Name: auth_group_permissions_group_id_b120cbf9; Type: INDEX; Schema: public; Owner: hollyjudge
--

CREATE INDEX auth_group_permissions_group_id_b120cbf9 ON public.auth_group_permissions USING btree (group_id);


--
-- Name: auth_group_permissions_permission_id_84c5c92e; Type: INDEX; Schema: public; Owner: hollyjudge
--

CREATE INDEX auth_group_permissions_permission_id_84c5c92e ON public.auth_group_permissions USING btree (permission_id);


--
-- Name: auth_permission_content_type_id_2f476e4b; Type: INDEX; Schema: public; Owner: hollyjudge
--

CREATE INDEX auth_permission_content_type_id_2f476e4b ON public.auth_permission USING btree (content_type_id);


--
-- Name: auth_user_groups_group_id_97559544; Type: INDEX; Schema: public; Owner: hollyjudge
--

CREATE INDEX auth_user_groups_group_id_97559544 ON public.auth_user_groups USING btree (group_id);


--
-- Name: auth_user_groups_user_id_6a12ed8b; Type: INDEX; Schema: public; Owner: hollyjudge
--

CREATE INDEX auth_user_groups_user_id_6a12ed8b ON public.auth_user_groups USING btree (user_id);


--
-- Name: auth_user_user_permissions_permission_id_1fbb5f2c; Type: INDEX; Schema: public; Owner: hollyjudge
--

CREATE INDEX auth_user_user_permissions_permission_id_1fbb5f2c ON public.auth_user_user_permissions USING btree (permission_id);


--
-- Name: auth_user_user_permissions_user_id_a95ead1b; Type: INDEX; Schema: public; Owner: hollyjudge
--

CREATE INDEX auth_user_user_permissions_user_id_a95ead1b ON public.auth_user_user_permissions USING btree (user_id);


--
-- Name: auth_user_username_6821ab7c_like; Type: INDEX; Schema: public; Owner: hollyjudge
--

CREATE INDEX auth_user_username_6821ab7c_like ON public.auth_user USING btree (username varchar_pattern_ops);


--
-- Name: django_admin_log_content_type_id_c4bce8eb; Type: INDEX; Schema: public; Owner: hollyjudge
--

CREATE INDEX django_admin_log_content_type_id_c4bce8eb ON public.django_admin_log USING btree (content_type_id);


--
-- Name: django_admin_log_user_id_c564eba6; Type: INDEX; Schema: public; Owner: hollyjudge
--

CREATE INDEX django_admin_log_user_id_c564eba6 ON public.django_admin_log USING btree (user_id);


--
-- Name: django_session_expire_date_a5c62663; Type: INDEX; Schema: public; Owner: hollyjudge
--

CREATE INDEX django_session_expire_date_a5c62663 ON public.django_session USING btree (expire_date);


--
-- Name: django_session_session_key_c0390e0f_like; Type: INDEX; Schema: public; Owner: hollyjudge
--

CREATE INDEX django_session_session_key_c0390e0f_like ON public.django_session USING btree (session_key varchar_pattern_ops);


--
-- Name: time_management_dailyworkhour_project_id_425eeb4d; Type: INDEX; Schema: public; Owner: hollyjudge
--

CREATE INDEX time_management_dailyworkhour_project_id_425eeb4d ON public.time_management_timesheetentry USING btree (project_id);


--
-- Name: time_management_dailyworkhour_user_id_7a50c5f6; Type: INDEX; Schema: public; Owner: hollyjudge
--

CREATE INDEX time_management_dailyworkhour_user_id_7a50c5f6 ON public.time_management_timesheetentry USING btree (user_id);


--
-- Name: time_management_project_category_id_e1ee1737; Type: INDEX; Schema: public; Owner: hollyjudge
--

CREATE INDEX time_management_project_category_id_e1ee1737 ON public.time_management_project USING btree (category_id);


--
-- Name: time_management_project_owner_id_4ef4028c; Type: INDEX; Schema: public; Owner: hollyjudge
--

CREATE INDEX time_management_project_owner_id_4ef4028c ON public.time_management_project USING btree (owner_id);


--
-- Name: time_management_projectcategory_name_6c08883a_like; Type: INDEX; Schema: public; Owner: hollyjudge
--

CREATE INDEX time_management_projectcategory_name_6c08883a_like ON public.time_management_projectcategory USING btree (name varchar_pattern_ops);


--
-- Name: auth_group_permissions auth_group_permissio_permission_id_84c5c92e_fk_auth_perm; Type: FK CONSTRAINT; Schema: public; Owner: hollyjudge
--

ALTER TABLE ONLY public.auth_group_permissions
    ADD CONSTRAINT auth_group_permissio_permission_id_84c5c92e_fk_auth_perm FOREIGN KEY (permission_id) REFERENCES public.auth_permission(id) DEFERRABLE INITIALLY DEFERRED;


--
-- Name: auth_group_permissions auth_group_permissions_group_id_b120cbf9_fk_auth_group_id; Type: FK CONSTRAINT; Schema: public; Owner: hollyjudge
--

ALTER TABLE ONLY public.auth_group_permissions
    ADD CONSTRAINT auth_group_permissions_group_id_b120cbf9_fk_auth_group_id FOREIGN KEY (group_id) REFERENCES public.auth_group(id) DEFERRABLE INITIALLY DEFERRED;


--
-- Name: auth_permission auth_permission_content_type_id_2f476e4b_fk_django_co; Type: FK CONSTRAINT; Schema: public; Owner: hollyjudge
--

ALTER TABLE ONLY public.auth_permission
    ADD CONSTRAINT auth_permission_content_type_id_2f476e4b_fk_django_co FOREIGN KEY (content_type_id) REFERENCES public.django_content_type(id) DEFERRABLE INITIALLY DEFERRED;


--
-- Name: auth_user_groups auth_user_groups_group_id_97559544_fk_auth_group_id; Type: FK CONSTRAINT; Schema: public; Owner: hollyjudge
--

ALTER TABLE ONLY public.auth_user_groups
    ADD CONSTRAINT auth_user_groups_group_id_97559544_fk_auth_group_id FOREIGN KEY (group_id) REFERENCES public.auth_group(id) DEFERRABLE INITIALLY DEFERRED;


--
-- Name: auth_user_groups auth_user_groups_user_id_6a12ed8b_fk_auth_user_id; Type: FK CONSTRAINT; Schema: public; Owner: hollyjudge
--

ALTER TABLE ONLY public.auth_user_groups
    ADD CONSTRAINT auth_user_groups_user_id_6a12ed8b_fk_auth_user_id FOREIGN KEY (user_id) REFERENCES public.auth_user(id) DEFERRABLE INITIALLY DEFERRED;


--
-- Name: auth_user_user_permissions auth_user_user_permi_permission_id_1fbb5f2c_fk_auth_perm; Type: FK CONSTRAINT; Schema: public; Owner: hollyjudge
--

ALTER TABLE ONLY public.auth_user_user_permissions
    ADD CONSTRAINT auth_user_user_permi_permission_id_1fbb5f2c_fk_auth_perm FOREIGN KEY (permission_id) REFERENCES public.auth_permission(id) DEFERRABLE INITIALLY DEFERRED;


--
-- Name: auth_user_user_permissions auth_user_user_permissions_user_id_a95ead1b_fk_auth_user_id; Type: FK CONSTRAINT; Schema: public; Owner: hollyjudge
--

ALTER TABLE ONLY public.auth_user_user_permissions
    ADD CONSTRAINT auth_user_user_permissions_user_id_a95ead1b_fk_auth_user_id FOREIGN KEY (user_id) REFERENCES public.auth_user(id) DEFERRABLE INITIALLY DEFERRED;


--
-- Name: dailyworkhours dailyworkhours_project_id_fkey; Type: FK CONSTRAINT; Schema: public; Owner: hollyjudge
--

ALTER TABLE ONLY public.dailyworkhours
    ADD CONSTRAINT dailyworkhours_project_id_fkey FOREIGN KEY (project_id) REFERENCES public.projects(id) ON DELETE CASCADE;


--
-- Name: dailyworkhours dailyworkhours_user_id_fkey; Type: FK CONSTRAINT; Schema: public; Owner: hollyjudge
--

ALTER TABLE ONLY public.dailyworkhours
    ADD CONSTRAINT dailyworkhours_user_id_fkey FOREIGN KEY (user_id) REFERENCES public.users(id) ON DELETE CASCADE;


--
-- Name: django_admin_log django_admin_log_content_type_id_c4bce8eb_fk_django_co; Type: FK CONSTRAINT; Schema: public; Owner: hollyjudge
--

ALTER TABLE ONLY public.django_admin_log
    ADD CONSTRAINT django_admin_log_content_type_id_c4bce8eb_fk_django_co FOREIGN KEY (content_type_id) REFERENCES public.django_content_type(id) DEFERRABLE INITIALLY DEFERRED;


--
-- Name: django_admin_log django_admin_log_user_id_c564eba6_fk_auth_user_id; Type: FK CONSTRAINT; Schema: public; Owner: hollyjudge
--

ALTER TABLE ONLY public.django_admin_log
    ADD CONSTRAINT django_admin_log_user_id_c564eba6_fk_auth_user_id FOREIGN KEY (user_id) REFERENCES public.auth_user(id) DEFERRABLE INITIALLY DEFERRED;


--
-- Name: projects fk_category_id; Type: FK CONSTRAINT; Schema: public; Owner: hollyjudge
--

ALTER TABLE ONLY public.projects
    ADD CONSTRAINT fk_category_id FOREIGN KEY (category_id) REFERENCES public.projectcategories(id) ON DELETE SET NULL;


--
-- Name: projects projects_owner_id_fkey; Type: FK CONSTRAINT; Schema: public; Owner: hollyjudge
--

ALTER TABLE ONLY public.projects
    ADD CONSTRAINT projects_owner_id_fkey FOREIGN KEY (owner_id) REFERENCES public.users(id) ON DELETE CASCADE;


--
-- Name: time_management_timesheetentry time_management_dail_project_id_425eeb4d_fk_time_mana; Type: FK CONSTRAINT; Schema: public; Owner: hollyjudge
--

ALTER TABLE ONLY public.time_management_timesheetentry
    ADD CONSTRAINT time_management_dail_project_id_425eeb4d_fk_time_mana FOREIGN KEY (project_id) REFERENCES public.time_management_project(id) DEFERRABLE INITIALLY DEFERRED;


--
-- Name: time_management_timesheetentry time_management_dailyworkhour_user_id_7a50c5f6_fk_auth_user_id; Type: FK CONSTRAINT; Schema: public; Owner: hollyjudge
--

ALTER TABLE ONLY public.time_management_timesheetentry
    ADD CONSTRAINT time_management_dailyworkhour_user_id_7a50c5f6_fk_auth_user_id FOREIGN KEY (user_id) REFERENCES public.auth_user(id) DEFERRABLE INITIALLY DEFERRED;


--
-- Name: time_management_project time_management_proj_category_id_e1ee1737_fk_time_mana; Type: FK CONSTRAINT; Schema: public; Owner: hollyjudge
--

ALTER TABLE ONLY public.time_management_project
    ADD CONSTRAINT time_management_proj_category_id_e1ee1737_fk_time_mana FOREIGN KEY (category_id) REFERENCES public.time_management_projectcategory(id) DEFERRABLE INITIALLY DEFERRED;


--
-- Name: time_management_project time_management_project_owner_id_4ef4028c_fk_auth_user_id; Type: FK CONSTRAINT; Schema: public; Owner: hollyjudge
--

ALTER TABLE ONLY public.time_management_project
    ADD CONSTRAINT time_management_project_owner_id_4ef4028c_fk_auth_user_id FOREIGN KEY (owner_id) REFERENCES public.auth_user(id) DEFERRABLE INITIALLY DEFERRED;


--
-- Name: workhours workhours_project_id_fkey; Type: FK CONSTRAINT; Schema: public; Owner: hollyjudge
--

ALTER TABLE ONLY public.workhours
    ADD CONSTRAINT workhours_project_id_fkey FOREIGN KEY (project_id) REFERENCES public.projects(id) ON DELETE CASCADE;


--
-- Name: workhours workhours_user_id_fkey; Type: FK CONSTRAINT; Schema: public; Owner: hollyjudge
--

ALTER TABLE ONLY public.workhours
    ADD CONSTRAINT workhours_user_id_fkey FOREIGN KEY (user_id) REFERENCES public.users(id) ON DELETE CASCADE;


--
-- PostgreSQL database dump complete
--

